[
    {
        "CategoryCode": 1,
        "CategoryName": "Capacitors",
        "SubCategories": [
            {
                "SubCategoryCode": 1,
                "SubCategoryName": "Aluminum Electrolytic Capacitors",
                "Products": [
                    {
                        "Prod_Code": 1124,
                        "CategoryCode": 1,
                        "SubCategoryCode": 1,
                        "CategoryName": "Capacitors",
                        "SubCategoryName": "Aluminum Electrolytic Capacitors",
                        "PartNo": "EEE-1AA102P",
                        "Mfg": "Panasonic",
                        "Package": "SMD",
                        "PageNo": 0,
                        "PageSize": 0,
                        "Price": 0
                    },
                    {
                        "Prod_Code": 1125,
                        "CategoryCode": 1,
                        "SubCategoryCode": 1,
                        "CategoryName": "Capacitors",
                        "SubCategoryName": "Aluminum Electrolytic Capacitors",
                        "PartNo": "EEU-FR1A102LB",
                        "Mfg": "Panasonic",
                        "Package": "Through Hole",
                        "PageNo": 0,
                        "PageSize": 0,
                        "Price": 0
                    },
                    {
                        "Prod_Code": 1126,
                        "CategoryCode": 1,
                        "SubCategoryCode": 1,
                        "CategoryName": "Capacitors",
                        "SubCategoryName": "Aluminum Electrolytic Capacitors",
                        "PartNo": "LGN2D102MESB30",
                        "Mfg": "Nichicon Capacitors",
                        "Package": "Snap In",
                        "PageNo": 0,
                        "PageSize": 0,
                        "Price": 0
                    },
                    {
                        "Prod_Code": 1127,
                        "CategoryCode": 1,
                        "SubCategoryCode": 1,
                        "CategoryName": "Capacitors",
                        "SubCategoryName": "Aluminum Electrolytic Capacitors",
                        "PartNo": "1000uF/200 HE2D108M30045HA",
                        "Mfg": "Samwha Capacitors",
                        "Package": "Snap In",
                        "PageNo": 0,
                        "PageSize": 0,
                        "Price": 0
                    },
                    {
                        "Prod_Code": 1128,
                        "CategoryCode": 1,
                        "SubCategoryCode": 1,
                        "CategoryName": "Capacitors",
                        "SubCategoryName": "Aluminum Electrolytic Capacitors",
                        "PartNo": "1000uF/250V LGG2E102MELB40",
                        "Mfg": "Nichicon Capacitors",
                        "Package": "Snap In",
                        "PageNo": 0,
                        "PageSize": 0,
                        "Price": 0
                    },
                    {
                        "Prod_Code": 1129,
                        "CategoryCode": 1,
                        "SubCategoryCode": 1,
                        "CategoryName": "Capacitors",
                        "SubCategoryName": "Aluminum Electrolytic Capacitors",
                        "PartNo": "1000uF/250V HE2E108M35045HA100",
                        "Mfg": "Samwha Capacitors",
                        "Package": "Through Hole",
                        "PageNo": 0,
                        "PageSize": 0,
                        "Price": 0
                    },
                    {
                        "Prod_Code": 1130,
                        "CategoryCode": 1,
                        "SubCategoryCode": 1,
                        "CategoryName": "Capacitors",
                        "SubCategoryName": "Aluminum Electrolytic Capacitors",
                        "PartNo": "UHE1H102MHD3TN",
                        "Mfg": "Nichicon Capacitors",
                        "Package": "Radial",
                        "PageNo": 0,
                        "PageSize": 0,
                        "Price": 0
                    },
                    {
                        "Prod_Code": 1131,
                        "CategoryCode": 1,
                        "SubCategoryCode": 1,
                        "CategoryName": "Capacitors",
                        "SubCategoryName": "Aluminum Electrolytic Capacitors",
                        "PartNo": "50ZL1000MEFC16X25",
                        "Mfg": "Rubycon Corporation",
                        "Package": "Radial",
                        "PageNo": 0,
                        "PageSize": 0,
                        "Price": 0
                    },
                    {
                        "Prod_Code": 1132,
                        "CategoryCode": 1,
                        "SubCategoryCode": 1,
                        "CategoryName": "Capacitors",
                        "SubCategoryName": "Aluminum Electrolytic Capacitors",
                        "PartNo": "EMVA500GDA102MLN0S",
                        "Mfg": "NIPPON CHEMI-CON",
                        "Package": "SMD",
                        "PageNo": 0,
                        "PageSize": 0,
                        "Price": 0
                    },
                    {
                        "Prod_Code": 1133,
                        "CategoryCode": 1,
                        "SubCategoryCode": 1,
                        "CategoryName": "Capacitors",
                        "SubCategoryName": "Aluminum Electrolytic Capacitors",
                        "PartNo": "UWX1C101MCL1GB",
                        "Mfg": "Nichicon Capacitors",
                        "Package": "SMD",
                        "PageNo": 0,
                        "PageSize": 0,
                        "Price": 0
                    },
                    {
                        "Prod_Code": 1134,
                        "CategoryCode": 1,
                        "SubCategoryCode": 1,
                        "CategoryName": "Capacitors",
                        "SubCategoryName": "Aluminum Electrolytic Capacitors",
                        "PartNo": "EEE-HA1E101P",
                        "Mfg": "Panasonic",
                        "Package": "SMD",
                        "PageNo": 0,
                        "PageSize": 0,
                        "Price": 0
                    },
                    {
                        "Prod_Code": 1135,
                        "CategoryCode": 1,
                        "SubCategoryCode": 1,
                        "CategoryName": "Capacitors",
                        "SubCategoryName": "Aluminum Electrolytic Capacitors",
                        "PartNo": "ECA-1EM101I",
                        "Mfg": "Panasonic",
                        "Package": "Through Hole",
                        "PageNo": 0,
                        "PageSize": 0,
                        "Price": 0
                    },
                    {
                        "Prod_Code": 1136,
                        "CategoryCode": 1,
                        "SubCategoryCode": 1,
                        "CategoryName": "Capacitors",
                        "SubCategoryName": "Aluminum Electrolytic Capacitors",
                        "PartNo": "25ML100MEFC8X7",
                        "Mfg": "Rubycon Corporation",
                        "Package": "Through Hole",
                        "PageNo": 0,
                        "PageSize": 0,
                        "Price": 0
                    },
                    {
                        "Prod_Code": 1137,
                        "CategoryCode": 1,
                        "SubCategoryCode": 1,
                        "CategoryName": "Capacitors",
                        "SubCategoryName": "Aluminum Electrolytic Capacitors",
                        "PartNo": "EEV107M035A9HAA",
                        "Mfg": "KEMET",
                        "Package": "SMD",
                        "PageNo": 0,
                        "PageSize": 0,
                        "Price": 0
                    },
                    {
                        "Prod_Code": 1138,
                        "CategoryCode": 1,
                        "SubCategoryCode": 1,
                        "CategoryName": "Capacitors",
                        "SubCategoryName": "Aluminum Electrolytic Capacitors",
                        "PartNo": "UHV1V101MED",
                        "Mfg": "Nichicon Capacitors",
                        "Package": "Through Hole",
                        "PageNo": 0,
                        "PageSize": 0,
                        "Price": 0
                    },
                    {
                        "Prod_Code": 1139,
                        "CategoryCode": 1,
                        "SubCategoryCode": 1,
                        "CategoryName": "Capacitors",
                        "SubCategoryName": "Aluminum Electrolytic Capacitors",
                        "PartNo": "EEE-FC1H101P",
                        "Mfg": "Panasonic",
                        "Package": "SMD",
                        "PageNo": 0,
                        "PageSize": 0,
                        "Price": 0
                    },
                    {
                        "Prod_Code": 1140,
                        "CategoryCode": 1,
                        "SubCategoryCode": 1,
                        "CategoryName": "Capacitors",
                        "SubCategoryName": "Aluminum Electrolytic Capacitors",
                        "PartNo": "EEE-FP1H101AP",
                        "Mfg": "Panasonic",
                        "Package": "SMD",
                        "PageNo": 0,
                        "PageSize": 0,
                        "Price": 0
                    },
                    {
                        "Prod_Code": 1141,
                        "CategoryCode": 1,
                        "SubCategoryCode": 1,
                        "CategoryName": "Capacitors",
                        "SubCategoryName": "Aluminum Electrolytic Capacitors",
                        "PartNo": "UKW1J101MPD",
                        "Mfg": "Nichicon Capacitors",
                        "Package": "Through Hole",
                        "PageNo": 0,
                        "PageSize": 0,
                        "Price": 0
                    },
                    {
                        "Prod_Code": 1142,
                        "CategoryCode": 1,
                        "SubCategoryCode": 1,
                        "CategoryName": "Capacitors",
                        "SubCategoryName": "Aluminum Electrolytic Capacitors",
                        "PartNo": "NACE100M100V6.3X8TR13F",
                        "Mfg": "NIC Components",
                        "Package": "SMD",
                        "PageNo": 0,
                        "PageSize": 0,
                        "Price": 0
                    },
                    {
                        "Prod_Code": 1143,
                        "CategoryCode": 1,
                        "SubCategoryCode": 1,
                        "CategoryName": "Capacitors",
                        "SubCategoryName": "Aluminum Electrolytic Capacitors",
                        "PartNo": "UBT2A100MPD8TD",
                        "Mfg": "Nichicon Capacitors",
                        "Package": "Through Hole",
                        "PageNo": 0,
                        "PageSize": 0,
                        "Price": 0
                    }
                ]
            },
            {
                "SubCategoryCode": 2,
                "SubCategoryName": "Ceramic Capacitors ",
                "Products":[
                    {
                        "Prod_Code": 299,
                        "CategoryCode": 1,
                        "SubCategoryCode": 2,
                        "CategoryName": "Capacitors",
                        "SubCategoryName": "Ceramic Capacitors ",
                        "PartNo": "GRM1555C1H1R5CA01D",
                        "Mfg": "Murata",
                        "Package": "0402",
                        "PageNo": 0,
                        "PageSize": 0,
                        "Price": 0
                    },
                    {
                        "Prod_Code": 300,
                        "CategoryCode": 1,
                        "SubCategoryCode": 2,
                        "CategoryName": "Capacitors",
                        "SubCategoryName": "Ceramic Capacitors ",
                        "PartNo": "GRM155R71A104KA01D",
                        "Mfg": "Murata",
                        "Package": "0402",
                        "PageNo": 0,
                        "PageSize": 0,
                        "Price": 0
                    },
                    {
                        "Prod_Code": 301,
                        "CategoryCode": 1,
                        "SubCategoryCode": 2,
                        "CategoryName": "Capacitors",
                        "SubCategoryName": "Ceramic Capacitors ",
                        "PartNo": "GRM1555C1H1R0CA01D",
                        "Mfg": "Murata",
                        "Package": "0402",
                        "PageNo": 0,
                        "PageSize": 0,
                        "Price": 0
                    },
                    {
                        "Prod_Code": 302,
                        "CategoryCode": 1,
                        "SubCategoryCode": 2,
                        "CategoryName": "Capacitors",
                        "SubCategoryName": "Ceramic Capacitors ",
                        "PartNo": "GRM155R60J105KE19D",
                        "Mfg": "Murata",
                        "Package": "0402",
                        "PageNo": 0,
                        "PageSize": 0,
                        "Price": 0
                    },
                    {
                        "Prod_Code": 303,
                        "CategoryCode": 1,
                        "SubCategoryCode": 2,
                        "CategoryName": "Capacitors",
                        "SubCategoryName": "Ceramic Capacitors ",
                        "PartNo": "C0805C200C5GACTU",
                        "Mfg": "KEMET",
                        "Package": "0805",
                        "PageNo": 0,
                        "PageSize": 0,
                        "Price": 0
                    },
                    {
                        "Prod_Code": 304,
                        "CategoryCode": 1,
                        "SubCategoryCode": 2,
                        "CategoryName": "Capacitors",
                        "SubCategoryName": "Ceramic Capacitors ",
                        "PartNo": "GRM1555C1H3R3CA01D",
                        "Mfg": "Murata",
                        "Package": "0402",
                        "PageNo": 0,
                        "PageSize": 0,
                        "Price": 0
                    },
                    {
                        "Prod_Code": 305,
                        "CategoryCode": 1,
                        "SubCategoryCode": 2,
                        "CategoryName": "Capacitors",
                        "SubCategoryName": "Ceramic Capacitors ",
                        "PartNo": "GRM31CR71A475KA01L",
                        "Mfg": "Murata",
                        "Package": "1206",
                        "PageNo": 0,
                        "PageSize": 0,
                        "Price": 0
                    },
                    {
                        "Prod_Code": 308,
                        "CategoryCode": 1,
                        "SubCategoryCode": 2,
                        "CategoryName": "Capacitors",
                        "SubCategoryName": "Ceramic Capacitors ",
                        "PartNo": "DE1E3KX222MB4BP01F",
                        "Mfg": "Murata",
                        "Package": "Through Hole",
                        "PageNo": 0,
                        "PageSize": 0,
                        "Price": 0
                    },
                    {
                        "Prod_Code": 309,
                        "CategoryCode": 1,
                        "SubCategoryCode": 2,
                        "CategoryName": "Capacitors",
                        "SubCategoryName": "Ceramic Capacitors ",
                        "PartNo": "08051C103JAT2A",
                        "Mfg": "AVX Corporation",
                        "Package": "0805",
                        "PageNo": 0,
                        "PageSize": 0,
                        "Price": 0
                    },
                    {
                        "Prod_Code": 310,
                        "CategoryCode": 1,
                        "SubCategoryCode": 2,
                        "CategoryName": "Capacitors",
                        "SubCategoryName": "Ceramic Capacitors ",
                        "PartNo": "C0805C103K3RACTU",
                        "Mfg": "KEMET",
                        "Package": "0805",
                        "PageNo": 0,
                        "PageSize": 0,
                        "Price": 0
                    },
                    {
                        "Prod_Code": 311,
                        "CategoryCode": 1,
                        "SubCategoryCode": 2,
                        "CategoryName": "Capacitors",
                        "SubCategoryName": "Ceramic Capacitors ",
                        "PartNo": "CC0603KRX7R9BB103",
                        "Mfg": "YAGEO",
                        "Package": "0603",
                        "PageNo": 0,
                        "PageSize": 0,
                        "Price": 0
                    },
                    {
                        "Prod_Code": 312,
                        "CategoryCode": 1,
                        "SubCategoryCode": 2,
                        "CategoryName": "Capacitors",
                        "SubCategoryName": "Ceramic Capacitors ",
                        "PartNo": "08055C103KAT2A",
                        "Mfg": "AVX Corporation",
                        "Package": "0805",
                        "PageNo": 0,
                        "PageSize": 0,
                        "Price": 0
                    },
                    {
                        "Prod_Code": 313,
                        "CategoryCode": 1,
                        "SubCategoryCode": 2,
                        "CategoryName": "Capacitors",
                        "SubCategoryName": "Ceramic Capacitors ",
                        "PartNo": "C0805C103K5RACTU",
                        "Mfg": "KEMET",
                        "Package": "0805",
                        "PageNo": 0,
                        "PageSize": 0,
                        "Price": 0
                    },
                    {
                        "Prod_Code": 314,
                        "CategoryCode": 1,
                        "SubCategoryCode": 2,
                        "CategoryName": "Capacitors",
                        "SubCategoryName": "Ceramic Capacitors ",
                        "PartNo": "12065C103JAT2A",
                        "Mfg": "AVX Corporation",
                        "Package": "1206",
                        "PageNo": 0,
                        "PageSize": 0,
                        "Price": 0
                    },
                    {
                        "Prod_Code": 315,
                        "CategoryCode": 1,
                        "SubCategoryCode": 2,
                        "CategoryName": "Capacitors",
                        "SubCategoryName": "Ceramic Capacitors ",
                        "PartNo": "CC1206KRX7R9BB103",
                        "Mfg": "YAGEO",
                        "Package": "1206",
                        "PageNo": 0,
                        "PageSize": 0,
                        "Price": 0
                    },
                    {
                        "Prod_Code": 316,
                        "CategoryCode": 1,
                        "SubCategoryCode": 2,
                        "CategoryName": "Capacitors",
                        "SubCategoryName": "Ceramic Capacitors ",
                        "PartNo": "ZV500103Z050HAND5P",
                        "Mfg": "Walsin Technology Corporation",
                        "Package": "Through Hole",
                        "PageNo": 0,
                        "PageSize": 0,
                        "Price": 0
                    },
                    {
                        "Prod_Code": 317,
                        "CategoryCode": 1,
                        "SubCategoryCode": 2,
                        "CategoryName": "Capacitors",
                        "SubCategoryName": "Ceramic Capacitors ",
                        "PartNo": "K223K15X7RH53L2",
                        "Mfg": "VISHAY ",
                        "Package": "AMMOPAK",
                        "PageNo": 0,
                        "PageSize": 0,
                        "Price": 0
                    },
                    {
                        "Prod_Code": 318,
                        "CategoryCode": 1,
                        "SubCategoryCode": 2,
                        "CategoryName": "Capacitors",
                        "SubCategoryName": "Ceramic Capacitors ",
                        "PartNo": "12062C223KAT2A",
                        "Mfg": "AVX Corporation",
                        "Package": "1206",
                        "PageNo": 0,
                        "PageSize": 0,
                        "Price": 0
                    },
                    {
                        "Prod_Code": 319,
                        "CategoryCode": 1,
                        "SubCategoryCode": 2,
                        "CategoryName": "Capacitors",
                        "SubCategoryName": "Ceramic Capacitors ",
                        "PartNo": "CC0603KRX7R9BB223",
                        "Mfg": "YAGEO",
                        "Package": "0603",
                        "PageNo": 0,
                        "PageSize": 0,
                        "Price": 0
                    },
                    {
                        "Prod_Code": 320,
                        "CategoryCode": 1,
                        "SubCategoryCode": 2,
                        "CategoryName": "Capacitors",
                        "SubCategoryName": "Ceramic Capacitors ",
                        "PartNo": "C0805C223K5RACAUTO",
                        "Mfg": "KEMET",
                        "Package": "0805",
                        "PageNo": 0,
                        "PageSize": 0,
                        "Price": 0
                    }
                ]
            },
            {
                "SubCategoryCode": 4,
                "SubCategoryName": "Film Capacitors",
                "Products":[
                    {
                        "Prod_Code": 306,
                        "CategoryCode": 1,
                        "SubCategoryCode": 4,
                        "CategoryName": "Capacitors",
                        "SubCategoryName": "Film Capacitors",
                        "PartNo": "B32672P4474K000",
                        "Mfg": "EPCOS",
                        "Package": "Through Hole",
                        "PageNo": 0,
                        "PageSize": 0,
                        "Price": 0
                    },
                    {
                        "Prod_Code": 1218,
                        "CategoryCode": 1,
                        "SubCategoryCode": 4,
                        "CategoryName": "Capacitors",
                        "SubCategoryName": "Film Capacitors",
                        "PartNo": "ECW-FD2W564K4",
                        "Mfg": "Panasonic",
                        "Package": "Through Hole",
                        "PageNo": 0,
                        "PageSize": 0,
                        "Price": 0
                    },
                    {
                        "Prod_Code": 1219,
                        "CategoryCode": 1,
                        "SubCategoryCode": 4,
                        "CategoryName": "Capacitors",
                        "SubCategoryName": "Film Capacitors",
                        "PartNo": "ECW-FD2W684KB",
                        "Mfg": "Panasonic",
                        "Package": "Through Hole",
                        "PageNo": 0,
                        "PageSize": 0,
                        "Price": 0
                    },
                    {
                        "Prod_Code": 1220,
                        "CategoryCode": 1,
                        "SubCategoryCode": 4,
                        "CategoryName": "Capacitors",
                        "SubCategoryName": "Film Capacitors",
                        "PartNo": "B32672P4684K000",
                        "Mfg": "TDK Components",
                        "Package": "Through Hole",
                        "PageNo": 0,
                        "PageSize": 0,
                        "Price": 0
                    },
                    {
                        "Prod_Code": 1881,
                        "CategoryCode": 1,
                        "SubCategoryCode": 4,
                        "CategoryName": "Capacitors",
                        "SubCategoryName": "Film Capacitors",
                        "PartNo": "PHE840EB6150MB10R17",
                        "Mfg": "KEMET",
                        "Package": "Through Hole",
                        "PageNo": 0,
                        "PageSize": 0,
                        "Price": 0
                    }
                ]
            },
            {
                "SubCategoryCode": 5,
                "SubCategoryName": "Supercapacitors",
                "Products":[
                    {
                        "Prod_Code": 307,
                        "CategoryCode": 1,
                        "SubCategoryCode": 5,
                        "CategoryName": "Capacitors",
                        "SubCategoryName": "Supercapacitors",
                        "PartNo": "EECF5R5U105",
                        "Mfg": "Panasonic",
                        "Package": "Through Hole",
                        "PageNo": 0,
                        "PageSize": 0,
                        "Price": 0
                    },
                    {
                        "Prod_Code": 3985,
                        "CategoryCode": 1,
                        "SubCategoryCode": 5,
                        "CategoryName": "Capacitors",
                        "SubCategoryName": "Supercapacitors",
                        "PartNo": "SCCU25E256MRB",
                        "Mfg": "AVX Corporation",
                        "Package": "Through Hole",
                        "PageNo": 0,
                        "PageSize": 0,
                        "Price": 0
                    },
                    {
                        "Prod_Code": 3986,
                        "CategoryCode": 1,
                        "SubCategoryCode": 5,
                        "CategoryName": "Capacitors",
                        "SubCategoryName": "Supercapacitors",
                        "PartNo": "SCCV40E506SRB",
                        "Mfg": "AVX Corporation",
                        "Package": "Through Hole",
                        "PageNo": 0,
                        "PageSize": 0,
                        "Price": 0
                    },
                    {
                        "Prod_Code": 3987,
                        "CategoryCode": 1,
                        "SubCategoryCode": 5,
                        "CategoryName": "Capacitors",
                        "SubCategoryName": "Supercapacitors",
                        "PartNo": "SCCS20E505SRB",
                        "Mfg": "AVX Corporation",
                        "Package": "Through Hole",
                        "PageNo": 0,
                        "PageSize": 0,
                        "Price": 0
                    }
                ]
            },
            {
                "SubCategoryCode": 3,
                "SubCategoryName": "Tantalum Capacitors",
                "Products":[
                    {
                        "Prod_Code": 4016,
                        "CategoryCode": 1,
                        "SubCategoryCode": 3,
                        "CategoryName": "Capacitors",
                        "SubCategoryName": "Tantalum Capacitors",
                        "PartNo": "TAJB474K035RNJ",
                        "Mfg": "AVX Corporation",
                        "Package": "B Case",
                        "PageNo": 0,
                        "PageSize": 0,
                        "Price": 0
                    },
                    {
                        "Prod_Code": 4017,
                        "CategoryCode": 1,
                        "SubCategoryCode": 3,
                        "CategoryName": "Capacitors",
                        "SubCategoryName": "Tantalum Capacitors",
                        "PartNo": "TAJT105K016RNJ",
                        "Mfg": "AVX Corporation",
                        "Package": "A Case",
                        "PageNo": 0,
                        "PageSize": 0,
                        "Price": 0
                    },
                    {
                        "Prod_Code": 4018,
                        "CategoryCode": 1,
                        "SubCategoryCode": 3,
                        "CategoryName": "Capacitors",
                        "SubCategoryName": "Tantalum Capacitors",
                        "PartNo": "TAJA105K025RNJ",
                        "Mfg": "AVX Corporation",
                        "Package": "A Case",
                        "PageNo": 0,
                        "PageSize": 0,
                        "Price": 0
                    },
                    {
                        "Prod_Code": 4019,
                        "CategoryCode": 1,
                        "SubCategoryCode": 3,
                        "CategoryName": "Capacitors",
                        "SubCategoryName": "Tantalum Capacitors",
                        "PartNo": "T491B105M025AT",
                        "Mfg": "KEMET",
                        "Package": "B Case",
                        "PageNo": 0,
                        "PageSize": 0,
                        "Price": 0
                    },
                    {
                        "Prod_Code": 4020,
                        "CategoryCode": 1,
                        "SubCategoryCode": 3,
                        "CategoryName": "Capacitors",
                        "SubCategoryName": "Tantalum Capacitors",
                        "PartNo": "TAP105K035SCS",
                        "Mfg": "AVX Corporation",
                        "Package": "Radial",
                        "PageNo": 0,
                        "PageSize": 0,
                        "Price": 0
                    },
                    {
                        "Prod_Code": 4021,
                        "CategoryCode": 1,
                        "SubCategoryCode": 3,
                        "CategoryName": "Capacitors",
                        "SubCategoryName": "Tantalum Capacitors",
                        "PartNo": "TAJB106K016RNJ",
                        "Mfg": "AVX Corporation",
                        "Package": "B Case",
                        "PageNo": 0,
                        "PageSize": 0,
                        "Price": 0
                    },
                    {
                        "Prod_Code": 4022,
                        "CategoryCode": 1,
                        "SubCategoryCode": 3,
                        "CategoryName": "Capacitors",
                        "SubCategoryName": "Tantalum Capacitors",
                        "PartNo": "TAJD106K016RNJ",
                        "Mfg": "AVX Corporation",
                        "Package": "D Case",
                        "PageNo": 0,
                        "PageSize": 0,
                        "Price": 0
                    },
                    {
                        "Prod_Code": 4023,
                        "CategoryCode": 1,
                        "SubCategoryCode": 3,
                        "CategoryName": "Capacitors",
                        "SubCategoryName": "Tantalum Capacitors",
                        "PartNo": "TAJB106K020RNJ",
                        "Mfg": "AVX Corporation",
                        "Package": "B Case",
                        "PageNo": 0,
                        "PageSize": 0,
                        "Price": 0
                    },
                    {
                        "Prod_Code": 4024,
                        "CategoryCode": 1,
                        "SubCategoryCode": 3,
                        "CategoryName": "Capacitors",
                        "SubCategoryName": "Tantalum Capacitors",
                        "PartNo": "T491B106K025AT",
                        "Mfg": "KEMET",
                        "Package": "B Case",
                        "PageNo": 0,
                        "PageSize": 0,
                        "Price": 0
                    },
                    {
                        "Prod_Code": 4025,
                        "CategoryCode": 1,
                        "SubCategoryCode": 3,
                        "CategoryName": "Capacitors",
                        "SubCategoryName": "Tantalum Capacitors",
                        "PartNo": "293D106X9025B2TE3",
                        "Mfg": "VISHAY ",
                        "Package": "B Case",
                        "PageNo": 0,
                        "PageSize": 0,
                        "Price": 0
                    },
                    {
                        "Prod_Code": 4026,
                        "CategoryCode": 1,
                        "SubCategoryCode": 3,
                        "CategoryName": "Capacitors",
                        "SubCategoryName": "Tantalum Capacitors",
                        "PartNo": "TAJD106K025RNJ",
                        "Mfg": "AVX Corporation",
                        "Package": "D Case",
                        "PageNo": 0,
                        "PageSize": 0,
                        "Price": 0
                    },
                    {
                        "Prod_Code": 4027,
                        "CategoryCode": 1,
                        "SubCategoryCode": 3,
                        "CategoryName": "Capacitors",
                        "SubCategoryName": "Tantalum Capacitors",
                        "PartNo": "TAP106K035SCS",
                        "Mfg": "AVX Corporation",
                        "Package": "Radial",
                        "PageNo": 0,
                        "PageSize": 0,
                        "Price": 0
                    },
                    {
                        "Prod_Code": 4028,
                        "CategoryCode": 1,
                        "SubCategoryCode": 3,
                        "CategoryName": "Capacitors",
                        "SubCategoryName": "Tantalum Capacitors",
                        "PartNo": "TAJD107K016RNJ",
                        "Mfg": "AVX Corporation",
                        "Package": "D Case",
                        "PageNo": 0,
                        "PageSize": 0,
                        "Price": 0
                    },
                    {
                        "Prod_Code": 4029,
                        "CategoryCode": 1,
                        "SubCategoryCode": 3,
                        "CategoryName": "Capacitors",
                        "SubCategoryName": "Tantalum Capacitors",
                        "PartNo": "293D107X9016D2TE3",
                        "Mfg": "VISHAY ",
                        "Package": "D Case",
                        "PageNo": 0,
                        "PageSize": 0,
                        "Price": 0
                    },
                    {
                        "Prod_Code": 4030,
                        "CategoryCode": 1,
                        "SubCategoryCode": 3,
                        "CategoryName": "Capacitors",
                        "SubCategoryName": "Tantalum Capacitors",
                        "PartNo": "TAJA106K010RNJ",
                        "Mfg": "AVX Corporation",
                        "Package": "A Case",
                        "PageNo": 0,
                        "PageSize": 0,
                        "Price": 0
                    },
                    {
                        "Prod_Code": 4031,
                        "CategoryCode": 1,
                        "SubCategoryCode": 3,
                        "CategoryName": "Capacitors",
                        "SubCategoryName": "Tantalum Capacitors",
                        "PartNo": "TAJA106K016RNJ",
                        "Mfg": "AVX Corporation",
                        "Package": "A Case",
                        "PageNo": 0,
                        "PageSize": 0,
                        "Price": 0
                    },
                    {
                        "Prod_Code": 4032,
                        "CategoryCode": 1,
                        "SubCategoryCode": 3,
                        "CategoryName": "Capacitors",
                        "SubCategoryName": "Tantalum Capacitors",
                        "PartNo": "T491A106K016AT",
                        "Mfg": "KEMET",
                        "Package": "A Case",
                        "PageNo": 0,
                        "PageSize": 0,
                        "Price": 0
                    },
                    {
                        "Prod_Code": 4033,
                        "CategoryCode": 1,
                        "SubCategoryCode": 3,
                        "CategoryName": "Capacitors",
                        "SubCategoryName": "Tantalum Capacitors",
                        "PartNo": "298D106X0025A2T",
                        "Mfg": "VISHAY ",
                        "Package": "A Case",
                        "PageNo": 0,
                        "PageSize": 0,
                        "Price": 0
                    },
                    {
                        "Prod_Code": 4034,
                        "CategoryCode": 1,
                        "SubCategoryCode": 3,
                        "CategoryName": "Capacitors",
                        "SubCategoryName": "Tantalum Capacitors",
                        "PartNo": "TAZH106K035CSSB0023",
                        "Mfg": "AVX Corporation",
                        "Package": "B Case",
                        "PageNo": 0,
                        "PageSize": 0,
                        "Price": 0
                    },
                    {
                        "Prod_Code": 4035,
                        "CategoryCode": 1,
                        "SubCategoryCode": 3,
                        "CategoryName": "Capacitors",
                        "SubCategoryName": "Tantalum Capacitors",
                        "PartNo": "TAJR105K010RNJ",
                        "Mfg": "AVX Corporation",
                        "Package": "0805",
                        "PageNo": 0,
                        "PageSize": 0,
                        "Price": 0
                    }
                ]
            },
            {
                "SubCategoryCode": 6,
                "SubCategoryName": "Variable Capacitors"
            }
        ]
    },
    {
        "CategoryCode": 2,
        "CategoryName": "Circuit Protection",
        "SubCategories": [
            {
                "SubCategoryCode": 1,
                "SubCategoryName": "Fuses / Fuseholders"
            },
            {
                "SubCategoryCode": 2,
                "SubCategoryName": "Gas Discharge Tubes"
            },
            {
                "SubCategoryCode": 3,
                "SubCategoryName": "Inrush Current Limiters, Thermistors"
            },
            {
                "SubCategoryCode": 4,
                "SubCategoryName": "MOVs, Varistors"
            },
            {
                "SubCategoryCode": 5,
                "SubCategoryName": "PTC, Resettable Fuses "
            },
            {
                "SubCategoryCode": 6,
                "SubCategoryName": "TVS Diodes, Surge Protection Devices"
            }
        ]
    },
    {
        "CategoryCode": 3,
        "CategoryName": "Connectors",
        "SubCategories": [
            {
                "SubCategoryCode": 1,
                "SubCategoryName": "AC Power Connectors"
            },
            {
                "SubCategoryCode": 2,
                "SubCategoryName": "Automotive Connectors & Terminals "
            },
            {
                "SubCategoryCode": 3,
                "SubCategoryName": "D-Sub Connectors"
            },
            {
                "SubCategoryCode": 4,
                "SubCategoryName": "Misc. Connectors"
            },
            {
                "SubCategoryCode": 5,
                "SubCategoryName": "Terminal Blocks "
            }
        ]
    },
    {
        "CategoryCode": 4,
        "CategoryName": "Crystals, Oscillators",
        "SubCategories": [
            {
                "SubCategoryCode": 1,
                "SubCategoryName": "Crystals"
            },
            {
                "SubCategoryCode": 2,
                "SubCategoryName": "Oscillators"
            },
            {
                "SubCategoryCode": 3,
                "SubCategoryName": "Programmable Oscillators"
            }
        ]
    },
    {
        "CategoryCode": 5,
        "CategoryName": "Development Boards, Eval. Kits",
        "SubCategories": [
            {
                "SubCategoryCode": 1,
                "SubCategoryName": "Development Boards, Eval. Kits"
            }
        ]
    },
    {
        "CategoryCode": 6,
        "CategoryName": "Discrete Components",
        "SubCategories": [
            {
                "SubCategoryCode": 1,
                "SubCategoryName": "BJTs and Arrays"
            },
            {
                "SubCategoryCode": 2,
                "SubCategoryName": "Diac, Triacs"
            },
            {
                "SubCategoryCode": 3,
                "SubCategoryName": "Diodes &  Rectifiers"
            },
            {
                "SubCategoryCode": 4,
                "SubCategoryName": "IGBTs"
            },
            {
                "SubCategoryCode": 5,
                "SubCategoryName": "MOSFETs"
            },
            {
                "SubCategoryCode": 6,
                "SubCategoryName": "SCRs"
            }
        ]
    },
    {
        "CategoryCode": 7,
        "CategoryName": "Electromechanical",
        "SubCategories": [
            {
                "SubCategoryCode": 1,
                "SubCategoryName": "Buzzers"
            },
            {
                "SubCategoryCode": 2,
                "SubCategoryName": "Fans"
            },
            {
                "SubCategoryCode": 3,
                "SubCategoryName": "Misc."
            },
            {
                "SubCategoryCode": 4,
                "SubCategoryName": "Motors/Drives, Robotic Parts, Accessories"
            },
            {
                "SubCategoryCode": 5,
                "SubCategoryName": "Relays"
            },
            {
                "SubCategoryCode": 6,
                "SubCategoryName": "Switches"
            }
        ]
    },
    {
        "CategoryCode": 8,
        "CategoryName": "Inductors, Chokes",
        "SubCategories": [
            {
                "SubCategoryCode": 1,
                "SubCategoryName": "Chokes, Transformers"
            },
            {
                "SubCategoryCode": 3,
                "SubCategoryName": "Ferrites"
            },
            {
                "SubCategoryCode": 2,
                "SubCategoryName": "Inductors"
            }
        ]
    },
    {
        "CategoryCode": 9,
        "CategoryName": "Integrated Circuits",
        "SubCategories": [
            {
                "SubCategoryCode": 1,
                "SubCategoryName": "Amplifier, Comparator ICs"
            },
            {
                "SubCategoryCode": 2,
                "SubCategoryName": "Clock and Timing ICs"
            },
            {
                "SubCategoryCode": 3,
                "SubCategoryName": "Data Converters "
            },
            {
                "SubCategoryCode": 4,
                "SubCategoryName": "Interface ICs"
            },
            {
                "SubCategoryCode": 5,
                "SubCategoryName": "Logic ICs"
            },
            {
                "SubCategoryCode": 6,
                "SubCategoryName": "Memory ICs"
            },
            {
                "SubCategoryCode": 7,
                "SubCategoryName": "Microcontrollers & Microprocessors"
            },
            {
                "SubCategoryCode": 8,
                "SubCategoryName": "Power Management ICs"
            },
            {
                "SubCategoryCode": 9,
                "SubCategoryName": "Special ICs"
            }
        ]
    },
    {
        "CategoryCode": 10,
        "CategoryName": "Misc.",
        "SubCategories": [
            {
                "SubCategoryCode": 1,
                "SubCategoryName": "Antennas"
            },
            {
                "SubCategoryCode": 3,
                "SubCategoryName": "Batteries, Accessories"
            },
            {
                "SubCategoryCode": 2,
                "SubCategoryName": "Bluetooth, GSM, LoRa, Wi-Fi, Modules, Gateways and Accessories"
            },
            {
                "SubCategoryCode": 5,
                "SubCategoryName": "Cables"
            },
            {
                "SubCategoryCode": 6,
                "SubCategoryName": "Cameras"
            },
            {
                "SubCategoryCode": 7,
                "SubCategoryName": "Filters"
            },
            {
                "SubCategoryCode": 8,
                "SubCategoryName": "PCBs"
            },
            {
                "SubCategoryCode": 9,
                "SubCategoryName": "Printer and Accessories"
            },
            {
                "SubCategoryCode": 10,
                "SubCategoryName": "RFIDs, Accessories"
            },
            {
                "SubCategoryCode": 11,
                "SubCategoryName": "Software"
            },
            {
                "SubCategoryCode": 4,
                "SubCategoryName": "Special Materials, Chemicals, Adhesives, Potting Compounds, Accessories"
            },
            {
                "SubCategoryCode": 12,
                "SubCategoryName": "Tools, Instruments, Accessories"
            }
        ]
    },
    {
        "CategoryCode": 11,
        "CategoryName": "Optoelectronics",
        "SubCategories": [
            {
                "SubCategoryCode": 2,
                "SubCategoryName": "LCD Displays, Accessories"
            },
            {
                "SubCategoryCode": 1,
                "SubCategoryName": "LEDs, LED Drivers, Accessories"
            },
            {
                "SubCategoryCode": 3,
                "SubCategoryName": "Optoisolators, SSRs"
            },
            {
                "SubCategoryCode": 4,
                "SubCategoryName": "Photodiodes, Phototransistors"
            }
        ]
    },
    {
        "CategoryCode": 12,
        "CategoryName": "Power Supplies",
        "SubCategories": [
            {
                "SubCategoryCode": 1,
                "SubCategoryName": "AC-DC Converters"
            },
            {
                "SubCategoryCode": 2,
                "SubCategoryName": "DC-DC Converters"
            }
        ]
    },
    {
        "CategoryCode": 13,
        "CategoryName": "Resistors",
        "SubCategories": [
            {
                "SubCategoryCode": 1,
                "SubCategoryName": "Potentiometers, Variable Resistors"
            },
            {
                "SubCategoryCode": 2,
                "SubCategoryName": "Resistor Networks"
            },
            {
                "SubCategoryCode": 3,
                "SubCategoryName": "SMD Resistors"
            },
            {
                "SubCategoryCode": 4,
                "SubCategoryName": "Special Resistors"
            },
            {
                "SubCategoryCode": 5,
                "SubCategoryName": "Through Hole Resistors"
            }
        ]
    },
    {
        "CategoryCode": 14,
        "CategoryName": "Sensors",
        "SubCategories": [
            {
                "SubCategoryCode": 1,
                "SubCategoryName": "Current, Position, Hall Effect Sensors"
            },
            {
                "SubCategoryCode": 2,
                "SubCategoryName": "Humidity Sensors"
            },
            {
                "SubCategoryCode": 3,
                "SubCategoryName": "Optical Sensors"
            },
            {
                "SubCategoryCode": 4,
                "SubCategoryName": "Pressure, Force Sensors"
            },
            {
                "SubCategoryCode": 5,
                "SubCategoryName": "Temperature Sensors"
            }
        ]
    }
]